runcat,eta,V,maxFlx,avgFlx,freq,dpts,newSrc
28,0.955126078787532,3.10602106117828,0.000774865694178963,8.52126627851422e-06,1283.8955078125,2,N
1463,0.289399465837453,0.217170934146243,0.000248443509891787,0.000157785512487733,1283.8955078125,50,N
1170,0.565968536030573,0.293518893388483,0.000197147781283912,0.000123249542378259,1283.8955078125,35,N
777,0.453674434713624,0.219985443208925,0.000248499768478666,0.000178286217810504,1283.8955078125,53,N
282,1.23822097073456,0.131248252957135,0.00478577811257523,0.00292080475235809,1283.8955078125,65,N
188,6.34007598866785,0.0785413570943441,0.0106531684981474,0.0071594679237697,1283.8955078125,65,N
510,0.55039328088789,0.140995428677394,0.00166651551800478,0.000977010369707956,1283.8955078125,65,N
1473,0.521470821452941,0.488808166810187,0.000268504967300645,9.7250511408877e-05,1283.8955078125,12,N
481,0.531900010357967,0.0932025732629914,0.00179953161361688,0.00112463831624541,1283.8955078125,65,N
484,12.1213095489338,0.117564935084383,0.00202689197654138,0.0017384339787583,1283.8955078125,65,N
498,8.73726689569382,0.187585273012523,0.00129097193447659,0.000869820869054388,1283.8955078125,65,N
74,4.67063877040584,0.046581800520097,0.00280826541578424,0.0023923259639273,1283.8955078125,65,N
1472,0.857379698715896,0.727968213504501,0.000248032786079739,6.71448504469162e-05,1283.8955078125,7,N
146,3.57330363540765,0.0657285505747039,0.00423213685062855,0.00330605593835711,1283.8955078125,65,N
147,17.3725763360184,0.0372459167158648,0.0111305646335454,0.0100872540437808,1283.8955078125,65,N
226,0.463050486053455,0.174706229337855,0.00046937871556154,0.000401529256670883,1283.8955078125,63,N
1421,0.392022936516748,0.170797542619675,0.000305334134739179,0.00021580388244328,1283.8955078125,59,N
209,1.02075530807672,0.312195779296076,0.000304103965287934,0.000197400848784292,1283.8955078125,50,N
1104,0.555490922483548,0.615476846200889,0.000365617478260737,8.75523893441831e-05,1283.8955078125,6,N
196,0.964664844762386,0.132458498901279,0.000595785818344533,0.00047576284668294,1283.8955078125,64,N
36,0.371087630836743,0.144222358520591,0.0017959270244762,0.00119649626709203,1283.8955078125,64,N
411,48.7687778162605,0.0693508418702141,0.00984728454731236,0.00847604640161449,1283.8955078125,65,N
259,0.524758102353888,0.117117932120801,0.00084646117324873,0.00059612748156314,1283.8955078125,64,N
261,0.669263120682071,0.130021527276879,0.000706759491938326,0.000575805773542931,1283.8955078125,64,N
255,0.304862129093604,0.141698553601574,0.000460900325734168,0.000385308788160188,1283.8955078125,64,N
1499,0.857899840524436,0.882519646122151,0.000205411445232391,8.47681417840625e-05,1283.8955078125,2,N
773,0.455045977794402,0.356827391926863,0.000243443644787912,0.000127208105719654,1283.8955078125,23,N
959,0.33594504465469,0.195568918928259,0.000196894919842392,0.000155794252900772,1283.8955078125,58,N
230,0.670723052479383,0.0582034115914195,0.00265016517758251,0.00188491694908221,1283.8955078125,65,N
1494,0.532713389187929,0.582573291550783,0.000217996821066703,8.12509919528258e-05,1283.8955078125,7,N
76,0.360199506238547,0.0822199951296055,0.000624165010706337,0.00047410631242802,1283.8955078125,50,N
485,0.277759373315529,0.0955861191250164,0.000434235864025951,0.000359434648673226,1283.8955078125,64,N
194,0.796827706941297,0.13875958809167,0.00151498162345444,0.000873894117848535,1283.8955078125,65,N
767,0.576620846754471,0.372743693873122,0.000231302781195413,0.000115137660458383,1283.8955078125,25,N
354,4.0008623354509,0.0609395322835651,0.00862263559541967,0.00643673260460653,1283.8955078125,65,N
1172,0.395794995874327,0.264487817584951,0.000214776045961206,0.000132318199733227,1283.8955078125,45,N
338,0.316140665815418,0.135416662620467,0.00213807536656827,0.00139894371593924,1283.8955078125,60,N
407,1.30950572684888,0.111301883574709,0.00122640169158388,0.000923962018772082,1283.8955078125,65,N
227,0.595490006375351,1.05434945811816,0.000340989906590212,6.22342927740601e-05,1283.8955078125,2,N
811,0.310913760744575,0.201816646666984,0.000226532620886117,0.000144989588121006,1283.8955078125,50,N
958,0.576771973084866,0.447958510446722,0.00022944803520145,0.000137819040523394,1283.8955078125,40,N
1406,0.272840595160957,0.142619860501184,0.000238389275990114,0.000187234763249868,1283.8955078125,62,N
343,62.0993574414813,0.0391528296001066,0.290830458600618,0.267573426438705,1283.8955078125,65,N
149,2.5161787750932,0.128248274426261,0.00284129561259333,0.00217773749690502,1283.8955078125,23,N
866,0.459783238592453,0.385112532793884,0.000223812020212013,8.60094699087565e-05,1283.8955078125,11,N
461,0.81520746002931,1.06515509730024,0.000353772743474695,5.48591592335073e-05,1283.8955078125,5,N
1217,0.823068240223475,1.14516057947396,0.000185943544683518,5.8942754661657e-05,1283.8955078125,2,N
64,0.690580206643092,0.125289390502004,0.000611423738975692,0.000493243679174965,1283.8955078125,64,N
269,0.515752115600919,0.0805885560668129,0.000845887046199787,0.000687314438153241,1283.8955078125,65,N
135,0.356668905372372,0.0919890101248283,0.000684506767474986,0.000511584174973179,1283.8955078125,65,N
933,0.489323351069325,0.172161728362195,0.000303985917372129,0.000198932832321236,1283.8955078125,63,N
33,1.7617097005143,0.0296804355881672,0.00253538672488647,0.00230717749317662,1283.8955078125,65,N
254,1.81886941395105,0.0785282093404442,0.00266325074212301,0.00190248538136837,1283.8955078125,65,N
238,0.856130050682759,0.125372092772901,0.00530435111074009,0.00288147234564957,1283.8955078125,65,N
1074,0.603127965481512,0.287467253341173,0.000461619725545898,0.000204831127064681,1283.8955078125,51,N
250,1.72239375566166,0.0659424848130792,0.00166017697651965,0.00146819011616499,1283.8955078125,65,N
180,1.31702215452302,0.0652726316712487,0.00154402018220112,0.00130372784258149,1283.8955078125,65,N
161,0.75530036983659,0.247873119478892,0.000642088196221078,0.000317905652498412,1283.8955078125,45,N
459,0.371055702482699,0.0765992300306664,0.000629720586809469,0.000510867436609337,1283.8955078125,65,N
287,8.27525158913424,0.201290281568103,0.00622427031125417,0.00375594653808468,1283.8955078125,65,N
288,3.56663506549272,0.070742950775146,0.00980275091865427,0.00697211468787706,1283.8955078125,65,N
289,0.629987766998533,0.0856708129134661,0.00196003928940081,0.00137233413421846,1283.8955078125,65,N
215,1045.98698793628,0.084283546812614,0.0609833216121043,0.0488291215736739,1283.8955078125,19,N
1380,0.516261412893369,0.325269668765166,0.000198372777430655,0.000125051866171584,1283.8955078125,29,N
382,0.566669845386202,0.156888515591003,0.00355201367577693,0.00175519716885671,1283.8955078125,65,N
260,0.7552997916243,0.0294412296994263,0.00232489674043722,0.00209874372256263,1283.8955078125,65,N
360,0.862945467153517,0.114982463266338,0.00318583548806481,0.00191342135151651,1283.8955078125,65,N
1405,0.53221695116225,0.488463299137461,0.000218636707171663,8.88873231899945e-05,1283.8955078125,8,N
435,0.540545092361819,0.0705942635678818,0.00145144570784885,0.00101224785509348,1283.8955078125,65,N
487,0.521315295120691,0.0811305391434787,0.000608443870280506,0.000511204637043152,1283.8955078125,65,N
965,0.408423142972191,0.214963403754594,0.000318467078238387,0.000194544361364286,1283.8955078125,55,N
1364,0.502543240335646,0.228530616945578,0.000245837342350483,0.000155597986769256,1283.8955078125,55,N
1186,0.346224339769804,0.221836179313453,0.000206804607011021,0.000144006521260075,1283.8955078125,49,N
1469,0.466868396336327,0.214946313687335,0.000304580729592256,0.000190429719267295,1283.8955078125,60,N
409,0.420876823790909,0.275380215723829,0.000537527338004443,0.000239810884212455,1283.8955078125,33,N
271,0.82122481555048,0.0582269770768967,0.0029276342541505,0.00208502994320441,1283.8955078125,65,N
368,8.60972441374706,0.0509636610016461,0.0154422407850036,0.0126291683788606,1283.8955078125,65,N
370,1.43530034766476,0.154503138343205,0.00120721435275186,0.000884990453112777,1283.8955078125,65,N
358,3.77179766860995,0.196265210878596,0.00260502189903081,0.00147923233864313,1283.8955078125,65,N
153,10.5812765396481,0.0359306454493517,0.0166665164962437,0.0147044134833499,1283.8955078125,65,N
520,0.44444870513263,0.268931978459201,0.000694881301606347,0.000341091501172711,1283.8955078125,45,N
22,2.21078013104443,0.145224333609301,0.00256805173751374,0.00153184457264583,1283.8955078125,65,N
884,0.295501000524305,0.136652581221098,0.000288792214584062,0.000198526006748627,1283.8955078125,62,N
514,0.417140683762679,0.129431466730623,0.000421116908117897,0.000266902148742,1283.8955078125,64,N
120,0.451652630282487,0.101501532049034,0.000434915230180126,0.0003276602541696,1283.8955078125,64,N
954,0.372902070309952,0.231344553835422,0.000224973530846083,0.000128997717588944,1283.8955078125,45,N
527,0.758943198776208,0.0476361930112376,0.00149690153404392,0.00122359921142659,1283.8955078125,65,N
507,1.7693330202234,0.077534269723602,0.00471904628497722,0.00309451553311305,1283.8955078125,65,N
133,0.341667969673381,0.142487613890003,0.000365645249719278,0.000246261403867182,1283.8955078125,63,N
752,0.397659189653396,0.222580623201495,0.000506049585354651,0.000217024064217286,1283.8955078125,63,N
829,0.37413324761287,0.242658208505263,0.00022351373275708,0.000138731302281478,1283.8955078125,48,N
553,20.8771909043964,0.0615748609432662,0.0362493354674933,0.0311539968126485,1283.8955078125,65,N
476,0.747451383336024,0.101383918027896,0.00175537813709441,0.00108480193027159,1283.8955078125,65,N
46,7.67021631092739,0.0829858853787141,0.0137981487239444,0.0092414107982267,1283.8955078125,65,N
858,0.386964114945292,0.291499847184712,0.00022725645902496,0.000128543550352075,1283.8955078125,36,N
1458,0.797175018318893,0.226143931194713,0.00052011241871192,0.000262940632121821,1283.8955078125,62,N
265,0.50610657022874,0.207730300802041,0.000539038968747768,0.000279774325776255,1283.8955078125,64,N
348,5.88003151335168,0.281951240772339,0.00442364908155619,0.00261452562525181,1283.8955078125,3,N
1121,0.743135260655094,0.630556311303036,0.00027195026532573,8.31338675504318e-05,1283.8955078125,6,N
41,0.534938901007369,0.121401046476005,0.000482024198727397,0.000360829235680941,1283.8955078125,64,N
162,1.30402000536525,0.0681843866597745,0.000941020886184927,0.000785893224400978,1283.8955078125,65,N
144,1.29844969977946,0.0728017583393836,0.00271595776468355,0.0019322813790867,1283.8955078125,65,N
27,0.631592682636003,0.156916237156036,0.00130477778502086,0.000787735373263576,1283.8955078125,65,N
169,0.723679119239729,0.141843284760614,0.000974766374479742,0.000505577545564485,1283.8955078125,65,N
174,1.11873726995076,0.0878592165612525,0.00113388943739208,0.000924444919032442,1283.8955078125,65,N
870,0.320913925700425,0.201812311211766,0.000329608439796953,0.000196117313787518,1283.8955078125,36,N
417,70.1726607244111,0.0666710168824434,0.0512290037704401,0.0435566749215456,1283.8955078125,65,N
430,0.580515906310551,0.076408080630143,0.00146304399831569,0.00106187694490207,1283.8955078125,65,N
39,0.809976511162591,0.0894746193369904,0.000859050935490443,0.000722559704715622,1283.8955078125,65,N
1206,0.576397483209492,0.373375047027039,0.000234965715221834,9.53880261297761e-05,1283.8955078125,28,N
307,0.590265623204317,0.179873424696629,0.00134628954767712,0.000836177637912265,1283.8955078125,63,N
125,25.0176972120536,0.157727839695576,0.00227539317531349,0.0016729843038067,1283.8955078125,65,N
247,0.883597091180743,1.03858685413228,0.000318431745494363,6.51436901054967e-05,1283.8955078125,4,N
208,0.385162199420996,0.0796096415493581,0.00133833591440518,0.000939698679913049,1283.8955078125,65,N
212,7.02104632695811,0.0270411115816896,0.0101759135198419,0.0095041692824351,1283.8955078125,65,N
216,12.0580343855693,0.0318399504817121,0.0125262416077455,0.0114341232063521,1283.8955078125,65,N
217,4.24547870254772,0.0794754534031627,0.0103140523356768,0.00714422026259364,1283.8955078125,65,N
258,0.653405551100496,0.0835322339682102,0.00163923364262772,0.00105905589975381,1283.8955078125,65,N
235,0.85675962785562,0.205762642582257,0.00198076076530682,0.000988102549243706,1283.8955078125,65,N
236,1.28294551310097,0.108809287042527,0.00294581438418342,0.00179136363357365,1283.8955078125,65,N
47,0.418681438028997,0.138177963024753,0.000908970189656261,0.000516310736819294,1283.8955078125,64,N
1187,0.410872446483779,0.451322826622765,0.00020862543396094,9.76918744335663e-05,1283.8955078125,10,N
452,1.02026398346162,0.0888596190734208,0.00317157574546643,0.00222537756445569,1283.8955078125,65,N
455,0.384741058680181,0.0841216333045424,0.000552348220701971,0.000445183831732085,1283.8955078125,65,N
744,0.54124149744855,0.422416443790907,0.000326594613971362,0.000111682634288949,1283.8955078125,20,N
408,1.69355693526739,0.161310318062915,0.00259518805265599,0.00165028193311197,1283.8955078125,65,N
71,0.415769151027659,0.170114130784609,0.000299686122604577,0.000186102375062884,1283.8955078125,63,N
222,0.830118289860984,0.0937149238325698,0.00154544549124196,0.00120801393655299,1283.8955078125,65,N
73,0.266259558544285,0.1530152062892,0.000346813747029423,0.000210509387017809,1283.8955078125,62,N
262,1.22272051736387,0.162140038936705,0.00263120067858788,0.00137467981767299,1283.8955078125,65,N
558,0.745789359786038,0.157736214366133,0.00489226826646863,0.00241323409725818,1283.8955078125,65,N
567,4.84742224509464,0.0640229614319214,0.0184570445144124,0.0139278077048166,1283.8955078125,65,N
54,0.784809519620199,0.0795066739317793,0.00170801726861617,0.00110675799999097,1283.8955078125,65,N
945,0.384921948972496,0.222744933107232,0.000358946391864174,0.000164192709065195,1283.8955078125,60,N
405,0.491237648378743,0.124226300993202,0.000928350570548042,0.000583664746479103,1283.8955078125,65,N
795,0.342423538903637,0.166095515285003,0.000231362242988296,0.000177952096998033,1283.8955078125,60,N
314,0.864174656949641,0.121732239907344,0.00238718902424945,0.00172208083671212,1283.8955078125,65,N
88,0.844989482184842,0.14086274266255,0.000936180317810085,0.000616728303122095,1283.8955078125,65,N
170,0.806452716928233,0.123734728581821,0.00176251861086427,0.00113665246269808,1283.8955078125,63,N
156,0.433908664315091,0.141251258114552,0.000538517822596791,0.000366757049231525,1283.8955078125,64,N
1396,0.76526340353555,0.75700098564167,0.000313138600602991,6.59059457068406e-05,1283.8955078125,8,N
75,7.41458272872703,0.0420019884829922,0.00426203124099963,0.00380419538649181,1283.8955078125,65,N
158,0.509069956669409,0.111318148784932,0.000452377328126885,0.000341447688184419,1283.8955078125,64,N
460,1.15383203018609,0.121206621730693,0.0038891033476837,0.00212782622780373,1283.8955078125,65,N
462,215.256287738477,0.288174233236331,0.0170663313240969,0.0112007120817282,1283.8955078125,65,N
465,0.649099290927344,0.0483674948822808,0.00153801239816995,0.00125803852402149,1283.8955078125,65,N
102,0.821481219231141,0.114694629390724,0.00186553278908613,0.00125550101394178,1283.8955078125,65,N
103,2.86764669812952,0.0543060903038407,0.00766332700988606,0.0060036209634046,1283.8955078125,65,N
168,0.54913344915611,0.155099269401473,0.00140323227512831,0.000825405600334876,1283.8955078125,63,N
251,0.665070443977349,0.143731529589946,0.000743220293887332,0.000463723081359661,1283.8955078125,64,N
175,0.607013122963795,0.0684920834789042,0.000669035711205848,0.000578335183629595,1283.8955078125,65,N
177,8.56104214414743,0.0776544725753123,0.00867551697602726,0.0065192979211918,1283.8955078125,65,N
680,0.451054855552047,0.404804500415236,0.000292176410499539,0.000109274812039775,1283.8955078125,9,N
537,1.50130434125259,2.48217432970989,0.00125506056232569,0.000206195262421935,1283.8955078125,3,N
32,0.393574940629799,0.261077118436517,0.000388084077619364,0.000180766060819533,1283.8955078125,50,N
285,0.468304536188011,0.0887952661140593,0.00207973646807434,0.00172600397122984,1283.8955078125,64,N
302,0.690453563533589,0.150924729259622,0.00224683413635557,0.00140477028603823,1283.8955078125,64,N
82,2.11789044644565,0.303032046522991,0.000476893675342681,0.000301811339349803,1283.8955078125,60,N
101,0.267572279573008,0.0636022315548094,0.00064056281213552,0.000527394125238692,1283.8955078125,64,N
853,0.483531584887186,0.22803919735879,0.000391824044221336,0.000177261939197218,1283.8955078125,61,N
508,0.233903086414468,0.126393305952846,0.000970503519541713,0.000632573537300607,1283.8955078125,64,N
376,11.1750586882314,0.0642470523455318,0.00721293713681925,0.00597010458291637,1283.8955078125,65,N
141,0.600298843885193,0.13250222446216,0.000436148584298632,0.000298117176963918,1283.8955078125,64,N
815,0.311494228851339,0.23716610325727,0.000259291549295993,0.000144086126626846,1283.8955078125,38,N
264,145.440488043046,0.0388252646149073,0.102596876703394,0.0921701779658017,1283.8955078125,65,N
223,14.9047635668543,0.0286671981953756,0.0219430366045697,0.0197788919450452,1283.8955078125,65,N
502,0.470141410794949,0.195776647596024,0.000546226475287797,0.00033196711909427,1283.8955078125,61,N
257,8.4818018353811,0.0379985980039456,0.0201612633508092,0.0182441892489687,1283.8955078125,65,N
1045,0.589348066106368,0.522652726894425,0.000248746906206073,8.88068365077549e-05,1283.8955078125,8,N
890,0.97815029160367,0.828137752277734,0.000144835157562903,4.27766432490111e-05,1283.8955078125,2,N
1375,0.396119958548958,0.381856049005749,0.000153040289640017,7.8008491152021e-05,1283.8955078125,12,N
869,0.721783015289646,0.257048172315021,0.000243177307554266,0.000163181198086716,1283.8955078125,54,N
499,0.417209398511357,0.124775030716532,0.000634351666807059,0.000377372905088128,1283.8955078125,65,N
495,2.06738337788452,0.105218363121885,0.00710302964826462,0.00420649825319928,1283.8955078125,65,N
80,0.476512638685157,0.0739262597247601,0.00144810979163598,0.000979999217571259,1283.8955078125,65,N
509,0.508958763641553,0.13776749169246,0.00141456363872359,0.000705544132611303,1283.8955078125,65,N
1192,0.645008391864873,0.173756982671465,0.000363328043480687,0.000275086565879257,1283.8955078125,61,N
204,23.1675876755856,0.0319471733553674,0.0189271250871851,0.0168140683141575,1283.8955078125,65,N
814,0.702548469194748,0.480316013642055,0.000448828611381881,0.000123533607759625,1283.8955078125,36,N
550,1.23245759054209,0.122107613247824,0.0033052525526235,0.00239757345144277,1283.8955078125,65,N
865,0.278420514450965,0.134640967367443,0.000252279389338781,0.000188701523343878,1283.8955078125,61,N
649,0.294015338064713,0.20192861882194,0.000422270100446486,0.000230180165270206,1283.8955078125,48,N
246,3.2195142410198,0.0732445921440847,0.00201870929380185,0.00166054406273302,1283.8955078125,65,N
696,0.459812358586589,0.271614766476967,0.000324249060188841,0.00017516076487834,1283.8955078125,38,N
390,0.66371957153548,0.665016572593153,0.000607524057059053,0.000116547957413561,1283.8955078125,11,N
863,0.494528494835505,0.498569262277703,0.000137228099156169,5.74225459510833e-05,1283.8955078125,5,N
961,0.492885386938953,0.308357066609385,0.000230078034009728,0.000138946350899215,1283.8955078125,29,N
77,0.385868583847428,0.158712162674229,0.000327393997443382,0.000220165603173215,1283.8955078125,62,N
968,0.37842360121029,0.202640096656885,0.000251408501241033,0.000170109218482261,1283.8955078125,56,N
1183,0.415816525799273,0.338657656588034,0.000237858176632113,0.000163092132447421,1283.8955078125,24,N
1493,0.560050067873854,0.336233201407505,0.000328478280240567,0.000187769715419278,1283.8955078125,46,N
464,1.25970515936621,0.30179007680631,0.000424261927937962,0.000224329847886189,1283.8955078125,58,N
1388,0.419681760936373,0.204032043593142,0.000325406888958437,0.000187431136456679,1283.8955078125,61,N
842,0.391758118033854,0.21561143914775,0.00026416341305718,0.00014961247854542,1283.8955078125,56,N
736,0.668695469775436,0.609171012629469,0.00019424164280411,8.05605117714904e-05,1283.8955078125,11,N
1420,0.352161460020223,0.315400537739397,0.000315141259416159,0.000138146271994844,1283.8955078125,37,N
844,0.466568392413704,0.430499994793737,0.000137352086129,7.22274645811203e-05,1283.8955078125,16,N
948,0.444028738354643,0.236557394321507,0.000233764716909553,0.000160271668384389,1283.8955078125,46,N
792,0.310347411046437,0.231448712167534,0.000264752197168971,0.000144183888351576,1283.8955078125,54,N
137,0.375024187971086,0.171608791534233,0.000318828750631219,0.00019382783249783,1283.8955078125,61,N
533,32.3352085856706,0.0473556856238265,0.0534226948865048,0.0500707797460443,1283.8955078125,65,N
979,0.552347580188475,0.343891623144795,0.000225882736630529,0.000129227029907615,1283.8955078125,24,N
1154,0.508594709021945,0.23301266430649,0.000238410575492489,0.000149805579223852,1283.8955078125,48,N
305,1.74317600037675,0.0532193310388665,0.00468337526486875,0.00367475073706449,1283.8955078125,65,N
151,0.428770046302409,0.0773974608209812,0.00113246399704062,0.000855177585429099,1283.8955078125,65,N
319,1.77674616330345,0.124218685369803,0.00671402593668142,0.00406945928244142,1283.8955078125,65,N
710,1.06173297969598,1.26049790963555,0.000261022356852757,5.48499174136444e-05,1283.8955078125,4,N
324,0.822027135537374,0.151031678631844,0.0027940041975031,0.00138718267801266,1283.8955078125,65,N
790,0.287062252473571,0.154116869990925,0.000242620285845533,0.000183149661358243,1283.8955078125,59,N
1185,0.468061738504016,0.313004786715429,0.000226629067433546,0.000120652338839952,1283.8955078125,42,N
309,292.906210906311,0.0816489693006603,0.108103456804482,0.0880369905000558,1283.8955078125,48,N
681,0.469534388143156,0.325590887154634,0.000280521999613769,0.000142502444543528,1283.8955078125,31,N
78,0.551437126799737,0.313431507692677,0.000301921289212988,0.000149078177831866,1283.8955078125,52,N
143,0.555825927449863,0.174084633716268,0.000387740363687938,0.000312046037559985,1283.8955078125,61,N
1500,0.461587298718827,0.307562785140099,0.00033975838519662,0.00017997999871786,1283.8955078125,19,N
114,0.456786675706527,0.304775592590935,0.00032877460271552,0.000130902460907751,1283.8955078125,44,N
536,0.334110073422156,0.229833158510986,0.00130499020248387,0.000678692641256437,1283.8955078125,57,N
1377,0.361191662817299,0.330608163208016,0.000156772071683179,8.48687867002833e-05,1283.8955078125,14,N
889,0.545691090065323,0.386115683267181,0.000158390951219189,8.99247964113397e-05,1283.8955078125,22,N
1454,0.808268690367128,0.683569728527433,0.00024158294879841,7.22133504759408e-05,1283.8955078125,14,N
16,0.629102421679115,0.500594368840859,0.000300821179556956,9.22160354674941e-05,1283.8955078125,18,N
1182,0.496680542635489,0.316537238535032,0.000199925188728639,0.000115877694226964,1283.8955078125,33,N
367,0.96744176234402,0.165304126377472,0.00609318125931136,0.00285699715157348,1283.8955078125,65,N
422,3.01956253177797,0.179183399684806,0.0010012684591092,0.000670304502472288,1283.8955078125,65,N
969,0.526856896158346,0.266791231652074,0.000230353576220991,0.000140509720884849,1283.8955078125,50,N
785,0.38617893489645,0.217333362303847,0.000256078006541622,0.000159102737913924,1283.8955078125,35,N
1094,0.547071596563329,0.335177050109531,0.000184373430194271,0.000117752032059354,1283.8955078125,31,N
321,1.0485861398117,0.183162057999735,0.00119416988605905,0.000896059075171256,1283.8955078125,61,N
320,2.95734233898396,0.0750432505627023,0.00528212260661319,0.00447988388708484,1283.8955078125,65,N
941,0.371059622275418,0.267569747789812,0.000278987656109075,0.000164500389622678,1283.8955078125,42,N
214,1372.90501549227,0.0692711792760653,0.0884126051636027,0.0712562029487668,1283.8955078125,65,N
1141,0.311127643628335,0.275235152429382,0.000176811664970449,0.000113638650388901,1283.8955078125,25,N
541,0.718493907797421,1.79326253674702,0.00101479071171291,8.63003820834944e-05,1283.8955078125,2,N
463,0.546369393221877,0.99111250547958,0.000334393777429499,6.03704240553689e-05,1283.8955078125,2,N
384,7.16825474668148,0.299791076551097,0.00620091738483139,0.00278938475932311,1283.8955078125,65,N
283,0.46840275357587,0.237641310685332,0.000614892049654251,0.000289849473686409,1283.8955078125,59,N
1488,0.62924778524538,0.229672109416754,0.000330083635251926,0.000217914464501058,1283.8955078125,56,N
765,0.413714791868224,0.281131493158935,0.000213640754172388,0.000144170199229839,1283.8955078125,31,N
113,698.709885765532,1.22078317524766,0.00426882409807718,0.000300163570065369,1283.8955078125,36,N
1425,1.02114709889976,2.87736344906466,0.00012719246521269,5.16551310025157e-06,1283.8955078125,2,N
950,0.513369922525721,0.69052124421491,0.000160352904109656,4.31632097271132e-05,1283.8955078125,3,N
531,2.12026195540505,2.14453932228532,0.00178515760056039,0.000164700619330123,1283.8955078125,3,N
23,0.753714599457253,1.32281984728595,0.000634149789703504,6.91998327068725e-05,1283.8955078125,2,N
240,0.498108722937786,0.449661068668576,0.000460327158244246,0.000161328433163962,1283.8955078125,14,N
800,0.430084785718432,0.366907269501814,0.000260205993405769,9.4134760759526e-05,1283.8955078125,20,N
91,0.719502732802042,0.581329280716251,0.000427850387978619,0.000126474561062024,1283.8955078125,9,N
797,0.571147534880749,0.242993661947871,0.000347111453702783,0.000161743468482123,1283.8955078125,58,N
478,0.403134244158971,0.252993186127655,0.000376796511523847,0.000193961657660205,1283.8955078125,54,N
764,0.644410679386165,0.797760650267912,0.000155015585308357,5.9030238843899e-05,1283.8955078125,3,N
1504,0.996482493349225,0.670403252214653,0.000381264879156726,8.66735141691968e-05,1283.8955078125,20,N
827,0.498806571907642,0.526564701767677,0.00014825380740718,7.88522054979226e-05,1283.8955078125,16,N
868,0.325280872139396,0.190885040769719,0.000245547285202812,0.000159776343922854,1283.8955078125,52,N
1506,0.939145341966594,0.459094300008291,0.00049968017579812,0.000179060195729056,1283.8955078125,36,N
1118,0.512179335388517,0.291539084020721,0.000204134918118007,0.000126907482663023,1283.8955078125,39,N
840,0.491029747495384,0.659516563321868,0.000155521825550704,4.34474750456937e-05,1283.8955078125,2,N
783,0.523093023452641,0.347085010848721,0.000162324800165764,0.000103264594068627,1283.8955078125,18,N
806,0.381146630145847,0.411197774188758,0.00013363874941381,7.43292969640939e-05,1283.8955078125,8,N
318,1.2220410409958,0.136611513254888,0.00342878760876242,0.00265411535715612,1283.8955078125,4,N
1194,0.462874996535233,0.450416853412992,0.000218602694131677,9.33592348490275e-05,1283.8955078125,8,N
140,2.15998609837101,0.125013862656944,0.00138334928971413,0.000885828905596206,1283.8955078125,16,N
1398,0.510590827143163,0.621329762085815,0.000171742877096744,5.93614108202933e-05,1283.8955078125,5,N
927,0.736729116623553,0.650630498205263,0.000200284240701636,6.55836600929002e-05,1283.8955078125,4,N
1127,0.37867747617996,0.222905503056654,0.000261832037140842,0.000157103742861666,1283.8955078125,50,N
1184,0.513922579259901,0.415890357686505,0.000189076830186043,9.44039369316698e-05,1283.8955078125,7,N
851,0.829544173120254,0.782095183337503,0.000203701904371582,4.83966239659235e-05,1283.8955078125,4,N
819,0.792152271874425,0.802350872959338,0.00020264621231282,4.98200192761627e-05,1283.8955078125,4,N
1467,0.450867121108319,0.505824940093843,0.000171032631996991,7.72635152347722e-05,1283.8955078125,2,N
741,0.488270541226766,0.420380535981848,0.000261041446073085,0.000101059094446337,1283.8955078125,16,N
1101,0.518720345857882,0.428690362134343,0.000197759071669534,8.7021937592274e-05,1283.8955078125,10,N
1435,0.483710926008621,0.564542597959125,0.000194758084047137,7.8852178341481e-05,1283.8955078125,2,N
448,2.31738852591192,0.380309875165556,0.000404465709764616,0.000256771251170807,1283.8955078125,53,N
1496,0.573166425136012,0.437273623178858,0.000198915903137722,9.65600341802421e-05,1283.8955078125,20,N
172,0.367627422058246,0.132225768266566,0.000486121691552383,0.000345586867945431,1283.8955078125,63,N
1456,0.704137978199338,1.5113151709604,0.000124592753951757,3.03932473895058e-05,1283.8955078125,2,N
488,1.41017055877286,0.151261400426928,0.000565775454793177,0.000447410017024151,1283.8955078125,65,N
489,0.505020160772238,0.165645156210767,0.00109072292146618,0.000698407768918339,1283.8955078125,65,N
277,0.536791203319973,0.115279784566168,0.00103635290272343,0.000772172498302203,1283.8955078125,65,N
225,0.660569488739019,0.395814044719638,0.00045523548904337,0.000174033687904804,1283.8955078125,41,N
1366,0.329190716886618,0.193768833530191,0.000217163471776804,0.000147142623417108,1283.8955078125,55,N
534,0.674488574177527,0.830214931703126,0.00145196618814827,0.000353984975175997,1283.8955078125,2,N
415,5.63414874237251,0.149036488940923,0.00402495269290151,0.00239504825104563,1283.8955078125,65,N
1098,0.510414409670226,0.508398316233546,0.000157264808550435,7.11625260885263e-05,1283.8955078125,4,N
770,0.460921670940198,0.292121877112791,0.000200011939028789,0.000138988764991463,1283.8955078125,31,N
1479,0.834591648297473,0.531098894535638,0.000163632905050656,7.50322954421823e-05,1283.8955078125,14,N
1196,0.588942816724006,0.503526556443946,0.000191590815415595,8.43369046170709e-05,1283.8955078125,15,N
1148,0.569065034953269,0.564048203647066,0.000198893377897348,0.000102824092880371,1283.8955078125,10,N
38,0.725437484718009,0.0418067499115246,0.0016722021847105,0.00140774586989117,1283.8955078125,65,N
116,1.9452016659023,0.0525978301580698,0.00152283384948552,0.00136867875699616,1283.8955078125,65,N
118,166.116935612709,0.0430678028453549,0.0706485448091495,0.0634563694894941,1283.8955078125,65,N
232,10.2345569376279,0.158510572320894,0.00305462682676891,0.00200420089886923,1283.8955078125,65,N
431,0.971483249897134,0.651666602091941,0.000737171281585232,0.000221869268494835,1283.8955078125,17,N
364,2.73884925636955,0.0562130215341756,0.00739285503747375,0.00551732344886923,1283.8955078125,65,N
192,3.68055715516931,0.0263098133110532,0.005715664404973,0.00513802288878183,1283.8955078125,65,N
434,1.53977800477518,0.142853965815178,0.00257402839615465,0.00167778276857012,1283.8955078125,65,N
1373,0.373101451736789,0.202392552345257,0.000345426152900679,0.000185717135481787,1283.8955078125,59,N
92,2.7060288226535,0.0584906398743524,0.00170178199156329,0.0014259191110488,1283.8955078125,65,N
94,1.05111119202735,0.154589874319806,0.00213465084090851,0.00146998693511058,1283.8955078125,65,N
50,3.45298032109262,0.109426850562404,0.00129092400869569,0.000887761065582062,1283.8955078125,8,N
49,0.742903646813277,1.23738441158737,0.000307111209516824,3.73163865455704e-05,1283.8955078125,4,N
1090,0.459695245580399,0.530603335867596,0.000155599341225412,6.24113535289535e-05,1283.8955078125,4,N
1440,0.432509662574081,0.181610950661465,0.000477627451599158,0.000240026043100754,1283.8955078125,62,N
551,0.776171262480333,0.125964257264745,0.00583519276622518,0.00349961091179628,1283.8955078125,65,N
1004,0.660661175370041,0.386320193240601,0.00047314843878973,0.000157759624736361,1283.8955078125,43,N
787,0.498425423984504,0.304375827438203,0.000223293019183722,0.000113269312406824,1283.8955078125,40,N
31,41.5989733371902,0.0291095899307083,0.0293723668121124,0.0271405068343931,1283.8955078125,65,N
1175,0.266787809998618,0.148196193063515,0.000296201360182813,0.000199538352509375,1283.8955078125,61,N
198,19.3840989313205,0.0497283159973592,0.00728386270713567,0.00644428092836741,1283.8955078125,65,N
280,0.871017198115944,0.107460547843341,0.00114679518595216,0.000763834434437605,1283.8955078125,65,N
426,0.880932410364758,0.180705621761513,0.00512530853290689,0.00229812419045491,1283.8955078125,65,N
1151,0.452582316948838,0.289672147390851,0.00019505476494485,0.000138242875896873,1283.8955078125,40,N
107,0.456688416425728,0.234096055275047,0.000455163282634868,0.000249401151111217,1283.8955078125,53,N
256,1.66312301280768,0.0722021840821354,0.00166894211679162,0.00129904910614546,1283.8955078125,65,N
543,34.3161910854854,0.0619691868655488,0.0339965545010606,0.028913765209314,1283.8955078125,65,N
745,0.553875775653727,0.541085773616863,0.000268068786081496,0.000116009332512196,1283.8955078125,14,N
989,0.694129806752166,0.384437965859516,0.000251343467552092,0.000146682072135621,1283.8955078125,46,N
362,21.5583199541639,0.0760560472207979,0.0125890700384755,0.00970289876035913,1283.8955078125,65,N
552,1.06719309494187,0.169852399840897,0.00221816996449638,0.00167923084123429,1283.8955078125,64,N
185,0.660924509872445,0.0732566764243719,0.00118387267719452,0.000841651230054686,1283.8955078125,65,N
1507,0.662505915152135,0.538589960875554,0.000207272729026419,8.57170867723603e-05,1283.8955078125,10,N
559,1.063630899905,3.8514667537806,0.00143642011703079,1.44657538064835e-05,1283.8955078125,4,N
727,0.3565328317646,0.245540983153336,0.000265610280786206,0.000174315360225777,1283.8955078125,45,N
473,1.58629368486165,0.0598846593371039,0.00373388724494854,0.00272721027385974,1283.8955078125,65,N
1363,0.484168446171586,0.278756957812229,0.000233997127200265,0.00012952856410027,1283.8955078125,30,N
388,0.798855394388544,0.22256903646176,0.00196289721279805,0.00108545843262128,1283.8955078125,61,N
1402,0.506401038520908,0.169881771399966,0.000285077057414633,0.000206262187742013,1283.8955078125,62,N
1482,0.612992860521871,0.312572480585257,0.000290713581535125,0.000181630940994499,1283.8955078125,41,N
154,7.70282124450505,0.192081287914443,0.000926188360816914,0.000650604773442059,1283.8955078125,65,N
1134,0.445196506649632,0.255657349679426,0.000260065891376687,0.000152131413683303,1283.8955078125,54,N
492,1.54159558447975,0.0412034688320137,0.00237278120013105,0.00197477459514715,1283.8955078125,65,N
1395,0.394938241792831,0.263059148587782,0.000418653631818759,0.000161962417702209,1283.8955078125,54,N
124,0.438620786827423,0.138214233728778,0.000576264854752801,0.000355051574431174,1283.8955078125,64,N
60,1.04311687312063,0.142078428551558,0.000538703027238958,0.000364072859815206,1283.8955078125,65,N
119,0.636137808371026,0.0575715348373881,0.00103202412223576,0.000911014876689802,1283.8955078125,65,N
474,6.30655716070493,0.114793607690511,0.00198314910872007,0.00149620305196457,1283.8955078125,65,N
1371,0.357774020362894,0.190644705687299,0.000230653533835703,0.000152848818051299,1283.8955078125,56,N
1478,0.419351219291087,0.309921712145154,0.000208590059199376,0.000118871735975232,1283.8955078125,33,N
852,0.661625235320259,0.615212594235062,0.000159401087745331,7.3814757680878e-05,1283.8955078125,19,N
121,2.6749315941533,0.195644373667241,0.000971117188805541,0.000631435214975751,1283.8955078125,64,N
123,0.515250220293391,0.121170701233934,0.000673483109337589,0.000443926938223688,1283.8955078125,64,N
397,40.0723824279492,0.193596810905609,0.00398491080905187,0.00244360865453019,1283.8955078125,65,N
56,0.364841539533532,0.18334413416632,0.000334350013497763,0.00018568140381753,1283.8955078125,63,N
789,0.586650037976147,0.571589567664098,0.000234014966239755,7.6759114474321e-05,1283.8955078125,12,N
1370,0.515709843321868,0.307000119607336,0.000262973404316989,0.000121640652421457,1283.8955078125,43,N
871,0.310244701598726,0.162393207760638,0.00021627624042476,0.000155779469297733,1283.8955078125,59,N
128,1.51277477729241,0.0736913181077966,0.00247631541823557,0.00211635553238659,1283.8955078125,65,N
374,0.446790503022217,0.319032840440029,0.00146100343618128,0.000644782892493609,1283.8955078125,38,N
245,0.385376374765007,0.309701823689163,0.000641914425161178,0.000233197452523474,1283.8955078125,45,N
1412,0.42827372327247,0.27870228812928,0.000262295169245312,0.000162874824476906,1283.8955078125,54,N
1210,0.677727828559639,0.612298625312315,0.000252317011837406,0.00011448088089729,1283.8955078125,14,N
539,0.80344317829525,0.176743204268298,0.00367409613536438,0.00188131929893493,1283.8955078125,32,N
1122,0.722930715015027,0.698209203478977,0.000278166453438172,6.47012570696947e-05,1283.8955078125,6,N
1369,0.469338593481679,0.358941576405887,0.000233691746644187,0.000114840703886622,1283.8955078125,16,N
985,0.608616435666947,0.367888361111914,0.000273320798035599,0.00012821313017458,1283.8955078125,34,N
446,0.694436857999091,0.0681962483451489,0.00223143319891056,0.00152944932719153,1283.8955078125,65,N
451,0.36983627826927,0.104868375895104,0.000494569673268417,0.0003716194502705,1283.8955078125,65,N
1511,0.449894663627615,0.392106184340477,0.00044209077357618,0.000162508434710965,1283.8955078125,21,N
739,0.371741616822328,0.235367558199143,0.000436677636995106,0.000231275682968324,1283.8955078125,50,N
818,0.323903425216306,0.245415221828289,0.000203294326929345,0.000128528122225582,1283.8955078125,35,N
516,0.598509187815946,0.0626335675941099,0.00103800318088746,0.00077245972992868,1283.8955078125,65,N
518,0.598267721684064,0.0523339989598027,0.00161214150774301,0.0012170662453956,1283.8955078125,65,N
20,0.274468639117511,0.145942734190027,0.000373176015638086,0.000221481220593994,1283.8955078125,64,N
26,1.26572121263537,0.0827915272926077,0.00249931987458753,0.00171448404836275,1283.8955078125,65,N
849,0.586316694218991,0.481818098175269,0.000146225739840003,7.45458176411098e-05,1283.8955078125,14,N
72,0.341227890858591,0.0991691010680128,0.000449461591689708,0.000320329928821183,1283.8955078125,65,N
83,51.7791570464918,0.0255220598158838,0.052391339838824,0.0486423894517803,1283.8955078125,65,N
201,1.69730379401167,0.06254985223035,0.00300887772692236,0.00227573759908907,1283.8955078125,65,N
705,0.588462039025744,0.424059853932535,0.000228132669475235,0.0001200589158259,1283.8955078125,15,N
1513,0.439279940363717,0.358319509610104,0.000168600664477219,9.91560518127882e-05,1283.8955078125,18,N
274,0.491058353351949,0.101211640694538,0.000934239821540724,0.000814546692827676,1283.8955078125,64,N
155,115.710544787034,0.0699608972145199,0.010577967754123,0.00903340888382594,1283.8955078125,65,N
241,0.427256771672349,0.14466065662201,0.00271586364660612,0.00136944901597644,1283.8955078125,65,N
129,2.1617575424543,0.0838641808974401,0.00142347371954057,0.00116261179840167,1283.8955078125,65,N
131,33.581976725891,0.0257971348772004,0.0261881215589734,0.0229764199464541,1283.8955078125,65,N
327,1.0430597836443,0.122774777149604,0.00362597563342848,0.00206172874293054,1283.8955078125,65,N
332,0.59878419610898,0.116919460109584,0.00195430950636112,0.00145833082691675,1283.8955078125,65,N
946,0.245489458602849,0.195439281122339,0.000199757042295084,0.000150673393117422,1283.8955078125,54,N
1481,0.645983722048685,0.440350193277128,0.000279787183222198,0.000123995234468855,1283.8955078125,24,N
512,0.349248984834445,0.0999028044575013,0.000442528066959531,0.000349515680598705,1283.8955078125,65,N
675,0.764846928174494,0.450079599590778,0.000329820420098458,0.000140000505022031,1283.8955078125,28,N
515,1.40754911135538,0.163259040219491,0.00116498724930996,0.000759911160552879,1283.8955078125,65,N
994,0.557776013953293,0.207335059597386,0.000383740489359197,0.000243961206278114,1283.8955078125,42,N
439,1.3508915622323,0.130691678103225,0.000974110106412004,0.000660732099448151,1283.8955078125,65,N
383,37.7141316682283,0.0461262825906817,0.0303790021511535,0.0273644574835712,1283.8955078125,65,N
398,3.37672999244902,0.0892670537046852,0.00302337822778028,0.00230449496056826,1283.8955078125,65,N
400,15.8229831412962,0.0945474556387731,0.00999117115724006,0.00723536421473785,1283.8955078125,65,N
854,0.504735887490691,0.413652378626119,0.00015930161515364,7.86066962929107e-05,1283.8955078125,17,N
748,0.548462485998949,0.375512333135336,0.000298670517788154,0.000127714712988897,1283.8955078125,29,N
937,0.481481279571043,0.372008294784601,0.000463726953237286,0.000139389613071021,1283.8955078125,50,N
503,0.745160196621237,0.225026316332824,0.000707777226509878,0.000287470653641385,1283.8955078125,65,N
349,0.631457587967365,0.0943558110527606,0.00292049015012594,0.00193535788523425,1283.8955078125,65,N
424,1.0345078698619,0.164654658751787,0.00366991405829371,0.00170975285002227,1283.8955078125,65,N
268,0.997135702010319,0.203157887093696,0.00122157117142088,0.000762363949139669,1283.8955078125,40,N
964,0.553695861985639,0.309448301180138,0.000282202348808634,0.000131081774748522,1283.8955078125,39,N
59,1.773163563184,0.0829017433545755,0.00141539423243369,0.00115874392338046,1283.8955078125,65,N
1384,0.302854066093609,0.174087448190689,0.00020042931970632,0.000156530632563089,1283.8955078125,55,N
150,0.554154523166487,0.352926552079206,0.000309179847927284,0.000139811864233094,1283.8955078125,47,N
877,0.609558091287817,0.350483866121184,0.000357185059767172,0.000172686529248475,1283.8955078125,36,N
167,14.7716703180844,0.0797953567404163,0.00786192533650415,0.00625793870953102,1283.8955078125,49,N
391,3.16205152998114,0.169055224362724,0.00630437153570829,0.00337963786808803,1283.8955078125,65,N
883,0.253506466880749,0.136891003134495,0.000247658751951759,0.000181939487821369,1283.8955078125,61,N
191,0.637279339645047,0.124259750424388,0.001081280456492,0.000623861932484174,1283.8955078125,65,N
1510,0.403392809898498,0.288316837823632,0.000228221340957835,0.000161532395296993,1283.8955078125,53,N
134,215.57772584672,0.152675679404459,0.0113525125039554,0.00927809652870934,1283.8955078125,65,N
189,2.70209340959985,0.311699725468417,0.00222615749392631,0.00094088709774531,1283.8955078125,65,N
525,1.50801741989586,0.110099395935947,0.00686876160194083,0.00391743973429702,1283.8955078125,65,N
845,0.377267564827596,0.187266034613447,0.0002714798119735,0.000173140283375577,1283.8955078125,58,N
263,0.477586196049671,0.134144419907577,0.00077383069242309,0.000459483824883789,1283.8955078125,65,N
1171,0.432282254071956,0.271657355565154,0.000398238622208981,0.00016245119045775,1283.8955078125,50,N
184,0.543371796854345,0.0711290312508082,0.000866034879470945,0.000689508582486945,1283.8955078125,65,N
1178,0.297416163758942,0.199667561645786,0.00025145655151943,0.000140207903839461,1283.8955078125,56,N
298,0.58199428600692,0.107660444890029,0.000924663463595426,0.000708247807225926,1283.8955078125,65,N
178,2.88513348179408,0.0245126633259472,0.00671736967855248,0.00601338729196848,1283.8955078125,65,N
860,0.397188235202435,0.189825451497264,0.00021983047935118,0.000139421661938264,1283.8955078125,58,N
1162,0.746020727233015,0.605412417895794,0.000183237580856812,7.30530671815311e-05,1283.8955078125,9,N
406,2.30519785499174,0.121816601510959,0.00782846228343718,0.00434980409028366,1283.8955078125,65,N
1201,0.355605516443554,0.28815478084351,0.000134307298017433,9.45424519975384e-05,1283.8955078125,10,N
297,0.471308959481938,0.274645382757448,0.00049816211029798,0.000264339917285701,1283.8955078125,52,N
475,2.32408370230733,0.129871007484254,0.000858126386451736,0.000652497260315891,1283.8955078125,65,N
1439,1.48137681837642,0.444190343945165,0.00049881014633006,0.000151412975347943,1283.8955078125,50,N
122,0.69592123882238,0.145146798710067,0.00183558445793636,0.000964556574531103,1283.8955078125,65,N
396,1.65187649366761,0.241805573008945,0.00218446220077327,0.00111377126512408,1283.8955078125,65,N
317,3.75594816781413,0.190665394487117,0.00372091541390253,0.00257821272385774,1283.8955078125,65,N
68,0.413214517093108,0.0812984282600013,0.000421803904933267,0.00036150513669252,1283.8955078125,65,N
79,0.536886607318561,0.100694569018236,0.000665877249310506,0.000447876120647381,1283.8955078125,65,N
187,0.591861573847839,0.0640569066802955,0.0015221244004376,0.00107896292487107,1283.8955078125,65,N
1131,0.536212525299195,0.350266699527834,0.000220627095374182,0.00013296034939802,1283.8955078125,28,N
1146,0.434334479824808,0.319581816838715,0.000211420413481593,0.000112237828254478,1283.8955078125,25,N
163,0.376595865384914,0.0748388447180093,0.00066376003571069,0.000497422257783119,1283.8955078125,65,N
1394,0.345066672672093,0.186646310659657,0.000259994673148841,0.000168817233349228,1283.8955078125,58,N
165,1.26948112372278,0.0438888183539144,0.00243704367897012,0.00211934938073064,1283.8955078125,65,N
166,0.667730795827815,0.0697731903036136,0.000981292851965143,0.000728967414831567,1283.8955078125,65,N
25,417.740087021127,0.127393469155711,0.0307659177309262,0.0215341327843713,1283.8955078125,65,N
839,0.577811630183198,0.27162858205533,0.000247037602314702,0.000174440621462035,1283.8955078125,52,N
339,0.455432500762933,0.107691155752978,0.00277449524430053,0.00200148903763188,1283.8955078125,65,N
340,0.667384114829855,0.129745277834611,0.0020526019693595,0.00140809783716316,1283.8955078125,65,N
425,1.25539833487635,0.0794622771391379,0.00226931472883743,0.00152953771483225,1283.8955078125,65,N
1173,0.504360630711528,0.366198445755593,0.000278355725605861,0.000149725861709235,1283.8955078125,31,N
211,1.39537764892555,0.124242675187107,0.00111044638522071,0.000751739623044398,1283.8955078125,65,N
835,0.501010073551393,0.511179427898579,0.000220613220833942,8.42347061706377e-05,1283.8955078125,6,N
500,4.97214546442358,0.0645253698735083,0.00254052864547027,0.00234946017703878,1283.8955078125,65,N
501,0.681619750366654,0.072203061215275,0.00132964447866235,0.000907956942811862,1283.8955078125,65,N
523,0.608693100501215,0.0920801739759566,0.000609554738717907,0.00046657514062466,1283.8955078125,65,N
326,29.5854412866436,0.0319201593099585,0.0557183820936133,0.0513567419395185,1283.8955078125,65,N
490,0.340938311199582,0.0605304497390403,0.00057969475009542,0.000501371913701283,1283.8955078125,65,N
218,1.06372015927356,0.0270353880310129,0.0036652128823836,0.00330664631321026,1283.8955078125,65,N
207,0.468596490695117,0.0797501651354363,0.00137453237270422,0.00109942810949537,1283.8955078125,65,N
418,2.99834538189908,0.0697277111594659,0.00727109283678739,0.00516406458717717,1283.8955078125,65,N
750,0.365545342374574,0.205248509387455,0.000282862562023635,0.000178351331292461,1283.8955078125,49,N
395,15.134505413411,0.129610916121055,0.0118333437082557,0.00767629467684467,1283.8955078125,65,N
266,0.906713366376623,0.0891878723704857,0.00265214115154033,0.00199971110448163,1283.8955078125,65,N
571,2.93493268852076,0.0786553736154257,0.016617709390644,0.0117450928709564,1283.8955078125,65,N
203,0.798038674942316,0.123333798265118,0.00238567687902538,0.00140326092724918,1283.8955078125,65,N
401,36.8054274814653,0.0741402375727469,0.0313166424593504,0.0259057126150539,1283.8955078125,65,N
403,1.57708793857983,0.127407211631977,0.00307459998211552,0.00186267819863215,1283.8955078125,65,N
1191,0.487049437411172,0.337612142212096,0.000306450924343261,0.000124354280629202,1283.8955078125,40,N
522,1.30517286453592,0.0977500471625298,0.00165180038214814,0.00101064501506406,1283.8955078125,65,N
182,0.670306135028593,0.0337942668761274,0.00165502817140103,0.00152589497354609,1283.8955078125,65,N
205,0.396152719486509,0.266276941822334,0.000635681586818711,0.000242097493333058,1283.8955078125,61,N
231,17.794710118035,0.0297847578098227,0.0112794057815207,0.0103346190516515,1283.8955078125,65,N
21,0.649865796752012,0.106396181159493,0.00360130461337711,0.00206745722370946,1283.8955078125,65,N
336,6.3380092114445,0.0607408075563629,0.0127614172630769,0.0113329869216256,1283.8955078125,65,N
200,1.10975360574383,0.0546557942561543,0.00212110515254837,0.00171646201629152,1283.8955078125,65,N
823,0.529306739469333,0.289838448090019,0.000278432906509405,0.000182057556742045,1283.8955078125,44,N
457,0.371282964293031,0.185396674076874,0.000493144248390017,0.00025107618853081,1283.8955078125,65,N
568,10.9238408685455,0.233873099791638,0.00885098385056876,0.00428595522072087,1283.8955078125,65,N
570,3.08140831390571,0.132919861022278,0.0153395676039415,0.00821568391905351,1283.8955078125,64,N
281,0.367364561715016,0.0632941631021367,0.00123074595565119,0.00106743997308837,1283.8955078125,64,N
352,6.26056685824206,0.139037455303216,0.00523223075536592,0.00321980967035975,1283.8955078125,65,N
335,1.20981446034322,0.105178451008233,0.00529980384410792,0.00314530649295285,1283.8955078125,65,N
100,0.615061727744843,0.0794006118277746,0.00134240184248638,0.000914619249774838,1283.8955078125,65,N
279,10.2399528584756,0.040203580985867,0.0108477993517207,0.00978529524988213,1283.8955078125,65,N
85,0.51090969444101,0.0793988296198735,0.000838011224668242,0.000622154123848911,1283.8955078125,65,N
542,0.453345175889282,0.145832163089623,0.00248106913089217,0.00172910066548413,1283.8955078125,64,N
17,0.725034621383657,0.07620037226826,0.00130356362343819,0.000894230395676291,1283.8955078125,65,N
1167,0.40187115749178,0.200044363837994,0.000354703039782153,0.000204640223628402,1283.8955078125,58,N
957,0.415408364304768,0.193865968033037,0.000353343015149035,0.000189633679199477,1283.8955078125,61,N
572,0.96284897917826,0.156754417008688,0.0066478306534173,0.00319962008673016,1283.8955078125,65,N
1152,0.272456056741343,0.119106099249916,0.000268318285857942,0.000220030409702573,1283.8955078125,61,N
432,2.04015489075598,0.198752045601553,0.0017812999583322,0.000947889789063172,1283.8955078125,65,N
436,162.420687202538,0.0650055324873701,0.0728338351556993,0.0657995136345575,1283.8955078125,65,N
438,2.66437944043783,0.165217404751713,0.000923916139671425,0.000680883950439592,1283.8955078125,65,N
228,1.18987776401938,0.128665218690155,0.000996457771056886,0.000783974791198097,1283.8955078125,64,N
97,0.535448628900269,0.110316964956521,0.00210548640674564,0.0012169673195619,1283.8955078125,65,N
529,0.756918985156491,0.0535790418600033,0.00209235685690507,0.00161049872861114,1283.8955078125,65,N
412,0.714733741204988,0.157900812757401,0.00104835505708861,0.00057523376855619,1283.8955078125,65,N
802,0.32745267835419,0.221610937701651,0.000177140402547999,0.000122081439230626,1283.8955078125,45,N
1177,0.49910998067895,0.34179945928833,0.000179917390234854,0.000101610831368276,1283.8955078125,26,N
132,26.525212710512,0.0338453339596596,0.0105809713789378,0.00959738991466477,1283.8955078125,55,N
1449,0.700773424149684,0.598417228054147,0.000349022308258167,8.37220480556844e-05,1283.8955078125,16,N
885,0.557879417384641,0.285826399146025,0.000241625955655137,0.000138956157939826,1283.8955078125,51,N
468,0.319449291875998,0.128504387012104,0.00113027315535065,0.000862911389599656,1283.8955078125,63,N
1381,0.514631480994791,0.330838861158842,0.000272919120798236,0.000141782360509476,1283.8955078125,38,N
1155,0.406575947003604,0.229383301480656,0.000186002819764971,0.000133848940508814,1283.8955078125,46,N
55,60.144375633248,0.0623884297476938,0.0511099580983202,0.0425417444705339,1283.8955078125,65,N
928,0.503923152249691,0.31311622343139,0.00035355070298245,0.000193694868523223,1283.8955078125,40,N
186,584.063655547227,0.117793939675259,0.0159507851177011,0.0128449895374476,1283.8955078125,65,N
1143,0.335979674803568,0.195690460618944,0.000212236710951787,0.000151914659938829,1283.8955078125,55,N
95,0.472661094769793,0.166985196827467,0.00185778785681508,0.000922823473529253,1283.8955078125,65,N
521,1.08992973500704,0.0765803634075202,0.000834829013103841,0.000719748672462226,1283.8955078125,65,N
221,0.586183972158854,0.0985736546502354,0.00145510325003915,0.000898317087527609,1283.8955078125,65,N
334,0.506335739431568,0.2683189158686,0.00269521124221507,0.00100968881328764,1283.8955078125,58,N
1459,0.433119517462203,0.191375101659655,0.000281780168593075,0.000187045561239157,1283.8955078125,59,N
469,1.90714658205229,0.132257688596081,0.00140878776177642,0.00102969522112133,1283.8955078125,65,N
275,0.527800590574668,0.23643070660085,0.000983748169546064,0.000553033398562929,1283.8955078125,61,N
380,0.759600322022233,0.131366209793631,0.00161440758563795,0.00092991582273589,1283.8955078125,65,N
505,0.571383840387618,0.0951535812619745,0.000639302181096293,0.000492786354103457,1283.8955078125,65,N
879,0.411461083604078,0.193681979732907,0.00022278331437323,0.000169559432719606,1283.8955078125,60,N
441,0.475674406711544,0.100978585329534,0.00163170676802841,0.00113135376432659,1283.8955078125,65,N
63,0.242776849873503,0.0404479100728399,0.000653147577447209,0.000598079702222118,1283.8955078125,65,N
112,0.83170909382397,0.123899976433707,0.00375022453788551,0.00267416016684354,1283.8955078125,65,N
115,0.776930896540107,0.050435437426464,0.00222909497735466,0.00174122948359748,1283.8955078125,65,N
524,0.373728500709813,0.145951547907992,0.000402661531816069,0.000260815286132537,1283.8955078125,62,N
511,0.716938139158271,0.163678178942824,0.0028376343962102,0.00141117556825399,1283.8955078125,65,N
276,7.53413058556809,0.0244718482102775,0.015053310966033,0.0140152354777309,1283.8955078125,64,N
272,0.389993586852846,0.12831024552722,0.00265990883467086,0.00163442258985812,1283.8955078125,65,N
341,0.360257679101507,0.188230014074297,0.00183271330811681,0.00103637777314991,1283.8955078125,59,N
65,1.0466181656533,0.0695644226617096,0.00138235751949108,0.000952407682778895,1283.8955078125,65,N
445,64.6435701925939,0.0555075163796367,0.0738560020371206,0.0642801232964232,1283.8955078125,65,N
420,0.40717683760216,0.0715252740268017,0.00105833398338495,0.00077620987670246,1283.8955078125,65,N
1491,0.622575343243154,0.379030227991829,0.00022571799773574,0.000113737350998389,1283.8955078125,30,N
1516,0.43379418444663,0.283654125437435,0.000221827405789419,0.000144242651811827,1283.8955078125,38,N
442,0.858269379045536,0.0784345857560629,0.00107877822542394,0.000836067858084035,1283.8955078125,65,N
472,0.452909167188718,0.0977443664200279,0.00122903862278997,0.000746744856747191,1283.8955078125,65,N
111,0.797200490834198,1.41611744041429,0.000540982181737091,6.64394088915406e-05,1283.8955078125,3,N
234,5.32002199931473,0.0556128765983763,0.00486720032311663,0.00414131125556161,1283.8955078125,65,N
471,0.816854893629652,0.18621273049594,0.00357955946413888,0.00162732105788137,1283.8955078125,65,N
284,0.530082328409398,0.15939487401578,0.00167785773173126,0.000864263088992532,1283.8955078125,65,N
152,0.372281253223821,0.101329037102306,0.000697655351210959,0.000438630675163541,1283.8955078125,65,N
528,14.2083214864898,0.0412107696551072,0.0128892759494653,0.011650579050047,1283.8955078125,65,N
530,27.765126468179,0.062669424975849,0.0201772636651877,0.0169635872560374,1283.8955078125,65,N
66,0.406950187973353,0.260245193928249,0.000765686165759147,0.000301449199508944,1283.8955078125,63,N
87,3.53074301084903,0.0931567654999036,0.0179080430880054,0.0108945257932087,1283.8955078125,61,N
538,0.779295742332772,0.153096059487894,0.00525647851094561,0.00275249906832934,1283.8955078125,65,N
142,0.303449600160919,0.115437466027704,0.000609996056488855,0.000397201418430515,1283.8955078125,64,N
1140,0.574549360241823,0.262545318512509,0.000250170326600333,0.000175529776779375,1283.8955078125,57,N
105,0.30248358380895,0.121871353552466,0.000367775053748285,0.000270359544452784,1283.8955078125,63,N
470,1.17451593857648,0.0708452257680412,0.00349976333372769,0.00261729040534412,1283.8955078125,65,N
506,3.75140048897767,0.191028819864849,0.00318005705490563,0.00184334646659224,1283.8955078125,65,N
89,5.45579619760916,0.207385609756989,0.000879576298771121,0.000605898475231107,1283.8955078125,65,N
497,0.29904962984057,0.257582713367336,0.000502316279852866,0.000228929781925509,1283.8955078125,42,N
249,8.23877638456719,0.0383349702964426,0.00564569129638946,0.00506416395592349,1283.8955078125,65,N
126,0.428996746085305,0.0844285443571959,0.00164956216598916,0.00111392886768871,1283.8955078125,65,N
267,1.13804996892957,0.128096219620481,0.00671304802543224,0.00380253207367522,1283.8955078125,65,N
949,0.409611165095458,0.215822487348151,0.000345710174962681,0.000171230538595792,1283.8955078125,59,N
526,108.606584784165,0.052199914930328,0.103530119388992,0.0913763751015766,1283.8955078125,65,N
233,0.391976463772628,0.256674551531814,0.000807038601002424,0.000314457163570805,1283.8955078125,55,N
351,5.75715483519142,0.219322775069001,0.00597113636588848,0.00272755572955498,1283.8955078125,52,N
69,0.962471943703072,0.0789731341544982,0.000781819471254425,0.000607626207693942,1283.8955078125,65,N
873,0.845265519128987,0.444829120859032,0.000661897855009595,0.000182891957237193,1283.8955078125,34,N
1107,0.368953162242348,0.201558433132737,0.000220683204852789,0.000142702691727181,1283.8955078125,50,N
67,0.727588069279772,0.107445321099837,0.000724478896717458,0.000493266310344174,1283.8955078125,65,N
293,8.53523323368977,0.141878151562411,0.0062881186402538,0.00386347235758683,1283.8955078125,65,N
974,0.466723698948536,0.335772354116299,0.000167983978591508,9.79654239110448e-05,1283.8955078125,22,N
984,0.576771363990294,0.347373055528761,0.000201467184414904,0.000129254532167927,1283.8955078125,33,N
929,0.436081914775326,0.362841000284279,0.000163938603391326,8.66173030704919e-05,1283.8955078125,20,N
139,0.390050334971123,0.280990699988951,0.000560829244896768,0.000278112643233912,1283.8955078125,32,N
784,0.609542425147551,0.432127224287263,0.00019213284557462,0.000107544276431281,1283.8955078125,27,N
668,0.483613169404011,0.372670862701726,0.00028603304356903,0.000157708710512965,1283.8955078125,17,N
296,5.06850842274737,0.0872906671988288,0.00466518468773531,0.00350115684951876,1283.8955078125,64,N
43,0.53603445525094,0.11586380677956,0.000552811120494122,0.000393761296705547,1283.8955078125,65,N
940,0.548714843857395,0.256637945799582,0.000248433598313398,0.000165654469146305,1283.8955078125,47,N
53,0.339383673709721,0.0907022538103763,0.000493369641187956,0.000389202636228668,1283.8955078125,64,N
796,0.284802786715818,0.222627845874208,0.00021007502680957,0.000148000625722536,1283.8955078125,38,N
1415,0.392173151727154,0.262366959888881,0.000442024244430196,0.000178285773735476,1283.8955078125,58,N
329,0.551478890657169,0.169013586396501,0.00253272876206558,0.00136123193890267,1283.8955078125,64,N
295,0.744306429460977,0.15187579532725,0.0012304933307671,0.000761403878735116,1283.8955078125,65,N
414,0.392899939453619,0.112192799132755,0.00101598201734758,0.000782747426285867,1283.8955078125,64,N
98,3.58460099566922,0.111415564801183,0.00114024126223342,0.000917696915050629,1283.8955078125,65,N
70,20.0014003018147,0.285294591384206,0.00223406750292347,0.00152923650132747,1283.8955078125,65,N
57,0.500679749209601,0.105143480748578,0.00063129756971111,0.000422796190475669,1283.8955078125,65,N
30,0.265484166092887,0.0965329001353535,0.000409902945603276,0.000318564867499798,1283.8955078125,64,N
1382,0.538670623969441,0.159081853522613,0.000317984519743134,0.000221141706058232,1283.8955078125,59,N
443,0.644191335278414,0.169200460934437,0.000794603983751115,0.000441051769879247,1283.8955078125,65,N
84,23.5097289344607,0.117110877911682,0.0052653064695913,0.00389369829403828,1283.8955078125,65,N
456,0.497467740653125,0.0792854070635508,0.000797395574499612,0.000688627500471501,1283.8955078125,65,N
220,0.455449362981971,0.185709953049277,0.000516779086874752,0.000264622356569078,1283.8955078125,62,N
936,0.373981005482002,0.231830321919876,0.00036613021693974,0.000154357831269519,1283.8955078125,61,N
252,0.610509966296582,0.111806237837521,0.00111638486788523,0.000653040748635564,1283.8955078125,65,N
371,0.343897098341849,0.1192362321097,0.000737785902599985,0.00056938891352662,1283.8955078125,65,N
290,0.565782324167,0.121392601538327,0.00123601767317724,0.000707510892895249,1283.8955078125,65,N
291,2.83465775982225,0.134133751721466,0.00351944961142683,0.00241544992804665,1283.8955078125,65,N
96,0.453250074011252,0.183297938463317,0.000608377494992735,0.000344814798673531,1283.8955078125,63,N
157,77.0017199169708,0.0669519081020472,0.0203024923451804,0.018688377547742,1283.8955078125,65,N
300,1.22209015139483,0.0740542119918645,0.00300519476477856,0.0020866311351394,1283.8955078125,65,N
303,0.610632290469203,0.0882553919795657,0.0017218194051465,0.00122605336100898,1283.8955078125,65,N
312,0.749362457181999,0.135921740002042,0.0023606675416591,0.00166065467869883,1283.8955078125,65,N
378,2.79149390565759,0.0518271843667538,0.00787368560380917,0.006159213700065,1283.8955078125,65,N
690,0.428380335031845,0.338464981187855,0.000372758725668106,0.000157600333967521,1283.8955078125,32,N
379,1365.19734018993,0.19976612031081,0.168240749265161,0.12219185347379,1283.8955078125,65,N
466,1.54862348341592,0.071607618325257,0.00503807589745128,0.00348786418881883,1283.8955078125,65,N
164,0.470403075681634,0.114798287622533,0.00158776932304978,0.00114172635773113,1283.8955078125,64,N
106,2.07020390488596,0.0836152968734664,0.00344275613800411,0.00220136626755181,1283.8955078125,65,N
109,47.0925675825722,0.0710665560063458,0.00573368805724986,0.00455724954701286,1283.8955078125,65,N
58,1.16107389391961,0.067035599785487,0.00420094990584197,0.00288185613910711,1283.8955078125,65,N
136,0.428115116441472,0.112298983802608,0.000588020264579121,0.000448649463726259,1283.8955078125,64,N
554,1.54798660216843,0.256162734681357,0.00592362299041072,0.00213497753197235,1283.8955078125,60,N
193,0.349869040956248,0.174349275608547,0.00036817435785952,0.000227647014576276,1283.8955078125,63,N
540,0.716699833244889,0.146278641697773,0.00369715921090384,0.00203299805507077,1283.8955078125,65,N
817,0.494621168851402,0.266054069426039,0.000182254782611708,0.000125529615817208,1283.8955078125,47,N
857,0.390668168104038,0.265912336590126,0.000206453455679006,0.000150560000866552,1283.8955078125,57,N
373,0.685426370110358,0.121987411083742,0.00572670571209359,0.00319257288227182,1283.8955078125,65,N
822,0.541498161051603,0.218665075914035,0.000281314153541426,0.000179785367265557,1283.8955078125,58,N
791,0.36307705835606,0.181014499215956,0.000231581987699845,0.000145157936161919,1283.8955078125,59,N
375,0.636049485790634,0.170278024678769,0.00385920121214332,0.00186678680959758,1283.8955078125,65,N
1144,0.369394044537736,0.194602979340593,0.00027978851708357,0.000157705883577344,1283.8955078125,60,N
108,0.911460669873398,0.111066635173588,0.000466898405676761,0.000389344582824916,1283.8955078125,64,N
494,0.678920820580015,0.127028249055855,0.000511126855050242,0.000430533534335189,1283.8955078125,64,N
224,0.50802839798559,0.175485715695056,0.00362114921863153,0.0017165327968036,1283.8955078125,65,N
243,0.507878502736701,0.154905428616779,0.000870435478471944,0.000456440859353034,1283.8955078125,64,N
244,0.558923873451851,0.153476641594143,0.00113070111066725,0.000755667976398436,1283.8955078125,64,N
372,2.67285931570749,0.122631445766147,0.00382076120156371,0.00242542924344115,1283.8955078125,65,N
81,0.344810113646034,0.117345816739792,0.000950026822727619,0.000731791357260879,1283.8955078125,64,N
535,21.6351598604244,0.0643485335734362,0.0239443600066022,0.0200834484894449,1283.8955078125,65,N
86,0.384723137793022,0.0637263675589256,0.000689966498014683,0.00058057236360467,1283.8955078125,63,N
229,0.442132644527631,0.139931414723912,0.00102147499007716,0.000677045374958954,1283.8955078125,64,N
176,0.374199774822081,0.112374896074133,0.000956407203044973,0.000687342386394867,1283.8955078125,64,N
190,0.586951365996412,0.0832978428728897,0.00102725972568247,0.000766890601988319,1283.8955078125,65,N
365,0.904422422432874,0.12946827497224,0.00377100816388563,0.00209816143770302,1283.8955078125,65,N
179,0.632395735978872,0.082268010141878,0.000774978584191373,0.000663519827868082,1283.8955078125,65,N
963,0.656296601130603,0.667848347580524,0.00017881181099312,9.70731130515282e-05,1283.8955078125,15,N
325,0.597448861286137,0.107263992463983,0.00146851406579413,0.00122791332749174,1283.8955078125,65,N
308,1.31226965723113,0.0787151925431312,0.00441341322060497,0.00309585848937202,1283.8955078125,65,N
1115,0.358651605877768,0.215083317885754,0.000285723707265435,0.000191768127973662,1283.8955078125,55,N
477,0.955695051489832,0.0903817943048059,0.000794032176888329,0.00063030044088449,1283.8955078125,65,N
423,0.430941987015432,0.0973598340573588,0.000895132146129327,0.000605003899643006,1283.8955078125,65,N
181,0.354558464179806,0.0994943881549238,0.000915586042336897,0.000595413943176691,1283.8955078125,65,N
385,3.64461791390159,0.108967373721505,0.00628572347613993,0.00473219582461624,1283.8955078125,65,N
